계정,123-456-7890 (실습)
업체,소니
업종,쇼핑몰 · 리테일
캠페인,소니코리아 (재게재) (재게재) (재게재) (재게재)
목표,판매
입찰 전략,전환수 최대화
기간,2026-07-06 ~ 2026-08-04

심각도,문제,설명,근거,조치
높음,예산이 수요를 못 따라갑니다,노출될 수 있었는데 예산이 떨어져 못 나간 비중이 큽니다. 하루 중 이른 시간에 예산이 소진되면 오후·저녁의 좋은 트래픽을 통째로 놓칩니다.,"노출 손실(예산): 57.5% / 일일 예산: ₩40,000 / 예산 소진일: 30일 / 30일","일일 예산을 올리거나, 성과가 낮은 키워드를 빼서 남은 예산을 좋은 키워드에 몰아주세요."
보통,광고 소재가 부족합니다,반응형 검색광고는 제목·설명 조합을 실험해 성과를 올립니다. 자산이 적으면 실험할 조합 자체가 없습니다.,광고그룹: 광고그룹 1 / 제목: 4개 (권장 8~15) / 설명: 2개 (권장 4) / CTR: 7.58%,"제목을 최소 8개까지 채우고, 혜택·가격·신뢰·행동유도를 각각 다른 각도로 쓰세요."
보통,키워드를 광고그룹 하나에 모두 넣었습니다,"광고문구는 하나인데 키워드 주제가 여러 개면, 어떤 키워드에도 딱 맞지 않는 광고가 됩니다. 품질평가점수가 떨어지고 클릭당비용이 올라갑니다.",광고그룹: 1개 / 키워드: 16개 / 평균 품질평가점수: 5.6,"주제가 비슷한 키워드끼리 3~5개씩 묶어 광고그룹을 나누고, 그룹마다 그 주제를 그대로 말하는 광고를 쓰세요."
낮음,광고 확장을 쓰지 않아 광고가 작게 보입니다,사이트링크·콜아웃은 광고 면적을 넓혀 클릭률을 올립니다. 추가 비용 없이 얻는 CTR입니다.,사이트링크: 0개 / 콜아웃: 0개 / CTR: 7.58%,"사이트링크 4개, 콜아웃 4개를 추가하세요."
낮음,자동 입찰 학습 기간이 초반 성과를 눌렀습니다,스마트 입찰은 데이터를 모으는 동안 일부러 다양한 입찰을 시도합니다. 이 기간의 성과는 정상보다 낮게 나오는 것이 정상입니다.,"학습 기간: 7일 / 학습 기간 비용: ₩336,000 / 입찰 전략: 전환수 최대화",학습 기간에는 설정을 바꾸지 말고 기다리세요. 중간에 바꾸면 학습이 처음부터 다시 시작됩니다.